year,state_code,county_code,appalachian
FY2017,01,001,N
FY2017,01,003,N
FY2017,01,005,N
FY2017,01,007,Y
FY2017,01,009,Y
FY2017,01,011,N
FY2017,01,013,N
FY2017,01,015,Y
FY2017,01,017,Y
FY2017,01,019,Y
FY2017,01,021,Y
FY2017,01,023,N
FY2017,01,025,N
FY2017,01,027,Y
FY2017,01,029,Y
FY2017,01,031,N
FY2017,01,033,Y
FY2017,01,035,N
FY2017,01,037,Y
FY2017,01,039,N
FY2017,01,041,N
FY2017,01,043,Y
FY2017,01,045,N
FY2017,01,047,N
FY2017,01,049,Y
FY2017,01,051,Y
FY2017,01,053,N
FY2017,01,055,Y
FY2017,01,057,Y
FY2017,01,059,Y
FY2017,01,061,N
FY2017,01,063,N
FY2017,01,065,Y
FY2017,01,067,N
FY2017,01,069,N
FY2017,01,071,Y
FY2017,01,073,Y
FY2017,01,075,Y
FY2017,01,077,Y
FY2017,01,079,Y
FY2017,01,081,N
FY2017,01,083,Y
FY2017,01,085,N
FY2017,01,087,Y
FY2017,01,089,Y
FY2017,01,091,N
FY2017,01,093,Y
FY2017,01,095,Y
FY2017,01,097,N
FY2017,01,099,N
FY2017,01,101,N
FY2017,01,103,Y
FY2017,01,105,N
FY2017,01,107,Y
FY2017,01,109,N
FY2017,01,111,Y
FY2017,01,113,N
FY2017,01,115,Y
FY2017,01,117,Y
FY2017,01,119,N
FY2017,01,121,Y
FY2017,01,123,Y
FY2017,01,125,Y
FY2017,01,127,Y
FY2017,01,129,N
FY2017,01,131,N
FY2017,01,133,Y
FY2017,02,013,N
FY2017,02,016,N
FY2017,02,020,N
FY2017,02,050,N
FY2017,02,060,N
FY2017,02,068,N
FY2017,02,070,N
FY2017,02,090,N
FY2017,02,100,N
FY2017,02,105,N
FY2017,02,110,N
FY2017,02,122,N
FY2017,02,130,N
FY2017,02,150,N
FY2017,02,158,N
FY2017,02,164,N
FY2017,02,170,N
FY2017,02,180,N
FY2017,02,185,N
FY2017,02,188,N
FY2017,02,195,N
FY2017,02,198,N
FY2017,02,220,N
FY2017,02,230,N
FY2017,02,240,N
FY2017,02,261,N
FY2017,02,275,N
FY2017,02,282,N
FY2017,02,290,N
FY2017,04,001,N
FY2017,04,003,N
FY2017,04,005,N
FY2017,04,007,N
FY2017,04,009,N
FY2017,04,011,N
FY2017,04,012,N
FY2017,04,013,N
FY2017,04,015,N
FY2017,04,017,N
FY2017,04,019,N
FY2017,04,021,N
FY2017,04,023,N
FY2017,04,025,N
FY2017,04,027,N
FY2017,05,001,N
FY2017,05,003,N
FY2017,05,005,N
FY2017,05,007,N
FY2017,05,009,N
FY2017,05,011,N
FY2017,05,013,N
FY2017,05,015,N
FY2017,05,017,N
FY2017,05,019,N
FY2017,05,021,N
FY2017,05,023,N
FY2017,05,025,N
FY2017,05,027,N
FY2017,05,029,N
FY2017,05,031,N
FY2017,05,033,N
FY2017,05,035,N
FY2017,05,037,N
FY2017,05,039,N
FY2017,05,041,N
FY2017,05,043,N
FY2017,05,045,N
FY2017,05,047,N
FY2017,05,049,N
FY2017,05,051,N
FY2017,05,053,N
FY2017,05,055,N
FY2017,05,057,N
FY2017,05,059,N
FY2017,05,061,N
FY2017,05,063,N
FY2017,05,065,N
FY2017,05,067,N
FY2017,05,069,N
FY2017,05,071,N
FY2017,05,073,N
FY2017,05,075,N
FY2017,05,077,N
FY2017,05,079,N
FY2017,05,081,N
FY2017,05,083,N
FY2017,05,085,N
FY2017,05,087,N
FY2017,05,089,N
FY2017,05,091,N
FY2017,05,093,N
FY2017,05,095,N
FY2017,05,097,N
FY2017,05,099,N
FY2017,05,101,N
FY2017,05,103,N
FY2017,05,105,N
FY2017,05,107,N
FY2017,05,109,N
FY2017,05,111,N
FY2017,05,113,N
FY2017,05,115,N
FY2017,05,117,N
FY2017,05,119,N
FY2017,05,121,N
FY2017,05,123,N
FY2017,05,125,N
FY2017,05,127,N
FY2017,05,129,N
FY2017,05,131,N
FY2017,05,133,N
FY2017,05,135,N
FY2017,05,137,N
FY2017,05,139,N
FY2017,05,141,N
FY2017,05,143,N
FY2017,05,145,N
FY2017,05,147,N
FY2017,05,149,N
FY2017,06,001,N
FY2017,06,003,N
FY2017,06,005,N
FY2017,06,007,N
FY2017,06,009,N
FY2017,06,011,N
FY2017,06,013,N
FY2017,06,015,N
FY2017,06,017,N
FY2017,06,019,N
FY2017,06,021,N
FY2017,06,023,N
FY2017,06,025,N
FY2017,06,027,N
FY2017,06,029,N
FY2017,06,031,N
FY2017,06,033,N
FY2017,06,035,N
FY2017,06,037,N
FY2017,06,039,N
FY2017,06,041,N
FY2017,06,043,N
FY2017,06,045,N
FY2017,06,047,N
FY2017,06,049,N
FY2017,06,051,N
FY2017,06,053,N
FY2017,06,055,N
FY2017,06,057,N
FY2017,06,059,N
FY2017,06,061,N
FY2017,06,063,N
FY2017,06,065,N
FY2017,06,067,N
FY2017,06,069,N
FY2017,06,071,N
FY2017,06,073,N
FY2017,06,075,N
FY2017,06,077,N
FY2017,06,079,N
FY2017,06,081,N
FY2017,06,083,N
FY2017,06,085,N
FY2017,06,087,N
FY2017,06,089,N
FY2017,06,091,N
FY2017,06,093,N
FY2017,06,095,N
FY2017,06,097,N
FY2017,06,099,N
FY2017,06,101,N
FY2017,06,103,N
FY2017,06,105,N
FY2017,06,107,N
FY2017,06,109,N
FY2017,06,111,N
FY2017,06,113,N
FY2017,06,115,N
FY2017,08,001,N
FY2017,08,003,N
FY2017,08,005,N
FY2017,08,007,N
FY2017,08,009,N
FY2017,08,011,N
FY2017,08,013,N
FY2017,08,014,N
FY2017,08,015,N
FY2017,08,017,N
FY2017,08,019,N
FY2017,08,021,N
FY2017,08,023,N
FY2017,08,025,N
FY2017,08,027,N
FY2017,08,029,N
FY2017,08,031,N
FY2017,08,033,N
FY2017,08,035,N
FY2017,08,037,N
FY2017,08,039,N
FY2017,08,041,N
FY2017,08,043,N
FY2017,08,045,N
FY2017,08,047,N
FY2017,08,049,N
FY2017,08,051,N
FY2017,08,053,N
FY2017,08,055,N
FY2017,08,057,N
FY2017,08,059,N
FY2017,08,061,N
FY2017,08,063,N
FY2017,08,065,N
FY2017,08,067,N
FY2017,08,069,N
FY2017,08,071,N
FY2017,08,073,N
FY2017,08,075,N
FY2017,08,077,N
FY2017,08,079,N
FY2017,08,081,N
FY2017,08,083,N
FY2017,08,085,N
FY2017,08,087,N
FY2017,08,089,N
FY2017,08,091,N
FY2017,08,093,N
FY2017,08,095,N
FY2017,08,097,N
FY2017,08,099,N
FY2017,08,101,N
FY2017,08,103,N
FY2017,08,105,N
FY2017,08,107,N
FY2017,08,109,N
FY2017,08,111,N
FY2017,08,113,N
FY2017,08,115,N
FY2017,08,117,N
FY2017,08,119,N
FY2017,08,121,N
FY2017,08,123,N
FY2017,08,125,N
FY2017,09,001,N
FY2017,09,003,N
FY2017,09,005,N
FY2017,09,007,N
FY2017,09,009,N
FY2017,09,011,N
FY2017,09,013,N
FY2017,09,015,N
FY2017,10,001,N
FY2017,10,003,N
FY2017,10,005,N
FY2017,11,001,N
FY2017,12,001,N
FY2017,12,003,N
FY2017,12,005,N
FY2017,12,007,N
FY2017,12,009,N
FY2017,12,011,N
FY2017,12,013,N
FY2017,12,015,N
FY2017,12,017,N
FY2017,12,019,N
FY2017,12,021,N
FY2017,12,023,N
FY2017,12,027,N
FY2017,12,029,N
FY2017,12,031,N
FY2017,12,033,N
FY2017,12,035,N
FY2017,12,037,N
FY2017,12,039,N
FY2017,12,041,N
FY2017,12,043,N
FY2017,12,045,N
FY2017,12,047,N
FY2017,12,049,N
FY2017,12,051,N
FY2017,12,053,N
FY2017,12,055,N
FY2017,12,057,N
FY2017,12,059,N
FY2017,12,061,N
FY2017,12,063,N
FY2017,12,065,N
FY2017,12,067,N
FY2017,12,069,N
FY2017,12,071,N
FY2017,12,073,N
FY2017,12,075,N
FY2017,12,077,N
FY2017,12,079,N
FY2017,12,081,N
FY2017,12,083,N
FY2017,12,085,N
FY2017,12,086,N
FY2017,12,087,N
FY2017,12,089,N
FY2017,12,091,N
FY2017,12,093,N
FY2017,12,095,N
FY2017,12,097,N
FY2017,12,099,N
FY2017,12,101,N
FY2017,12,103,N
FY2017,12,105,N
FY2017,12,107,N
FY2017,12,109,N
FY2017,12,111,N
FY2017,12,113,N
FY2017,12,115,N
FY2017,12,117,N
FY2017,12,119,N
FY2017,12,121,N
FY2017,12,123,N
FY2017,12,125,N
FY2017,12,127,N
FY2017,12,129,N
FY2017,12,131,N
FY2017,12,133,N
FY2017,13,001,N
FY2017,13,003,N
FY2017,13,005,N
FY2017,13,007,N
FY2017,13,009,N
FY2017,13,011,Y
FY2017,13,013,Y
FY2017,13,015,Y
FY2017,13,017,N
FY2017,13,019,N
FY2017,13,021,N
FY2017,13,023,N
FY2017,13,025,N
FY2017,13,027,N
FY2017,13,029,N
FY2017,13,031,N
FY2017,13,033,N
FY2017,13,035,N
FY2017,13,037,N
FY2017,13,039,N
FY2017,13,043,N
FY2017,13,045,Y
FY2017,13,047,Y
FY2017,13,049,N
FY2017,13,051,N
FY2017,13,053,N
FY2017,13,055,Y
FY2017,13,057,Y
FY2017,13,059,N
FY2017,13,061,N
FY2017,13,063,N
FY2017,13,065,N
FY2017,13,067,N
FY2017,13,069,N
FY2017,13,071,N
FY2017,13,073,N
FY2017,13,075,N
FY2017,13,077,N
FY2017,13,079,N
FY2017,13,081,N
FY2017,13,083,Y
FY2017,13,085,Y
FY2017,13,087,N
FY2017,13,089,N
FY2017,13,091,N
FY2017,13,093,N
FY2017,13,095,N
FY2017,13,097,Y
FY2017,13,099,N
FY2017,13,101,N
FY2017,13,103,N
FY2017,13,105,Y
FY2017,13,107,N
FY2017,13,109,N
FY2017,13,111,Y
FY2017,13,113,N
FY2017,13,115,Y
FY2017,13,117,Y
FY2017,13,119,Y
FY2017,13,121,N
FY2017,13,123,Y
FY2017,13,125,N
FY2017,13,127,N
FY2017,13,129,Y
FY2017,13,131,N
FY2017,13,133,N
FY2017,13,135,Y
FY2017,13,137,Y
FY2017,13,139,Y
FY2017,13,141,N
FY2017,13,143,Y
FY2017,13,145,N
FY2017,13,147,Y
FY2017,13,149,Y
FY2017,13,151,N
FY2017,13,153,N
FY2017,13,155,N
FY2017,13,157,Y
FY2017,13,159,N
FY2017,13,161,N
FY2017,13,163,N
FY2017,13,165,N
FY2017,13,167,N
FY2017,13,169,N
FY2017,13,171,N
FY2017,13,173,N
FY2017,13,175,N
FY2017,13,177,N
FY2017,13,179,N
FY2017,13,181,N
FY2017,13,183,N
FY2017,13,185,N
FY2017,13,187,Y
FY2017,13,189,N
FY2017,13,191,N
FY2017,13,193,N
FY2017,13,195,Y
FY2017,13,197,N
FY2017,13,199,N
FY2017,13,201,N
FY2017,13,205,N
FY2017,13,207,N
FY2017,13,209,N
FY2017,13,211,N
FY2017,13,213,Y
FY2017,13,215,N
FY2017,13,217,N
FY2017,13,219,N
FY2017,13,221,N
FY2017,13,223,Y
FY2017,13,225,N
FY2017,13,227,Y
FY2017,13,229,N
FY2017,13,231,N
FY2017,13,233,Y
FY2017,13,235,N
FY2017,13,237,N
FY2017,13,239,N
FY2017,13,241,Y
FY2017,13,243,N
FY2017,13,245,N
FY2017,13,247,N
FY2017,13,249,N
FY2017,13,251,N
FY2017,13,253,N
FY2017,13,255,N
FY2017,13,257,Y
FY2017,13,259,N
FY2017,13,261,N
FY2017,13,263,N
FY2017,13,265,N
FY2017,13,267,N
FY2017,13,269,N
FY2017,13,271,N
FY2017,13,273,N
FY2017,13,275,N
FY2017,13,277,N
FY2017,13,279,N
FY2017,13,281,Y
FY2017,13,283,N
FY2017,13,285,N
FY2017,13,287,N
FY2017,13,289,N
FY2017,13,291,Y
FY2017,13,293,N
FY2017,13,295,Y
FY2017,13,297,N
FY2017,13,299,N
FY2017,13,301,N
FY2017,13,303,N
FY2017,13,305,N
FY2017,13,307,N
FY2017,13,309,N
FY2017,13,311,Y
FY2017,13,313,Y
FY2017,13,315,N
FY2017,13,317,N
FY2017,13,319,N
FY2017,13,321,N
FY2017,15,001,N
FY2017,15,003,N
FY2017,15,007,N
FY2017,15,009,N
FY2017,16,001,N
FY2017,16,003,N
FY2017,16,005,N
FY2017,16,007,N
FY2017,16,009,N
FY2017,16,011,N
FY2017,16,013,N
FY2017,16,015,N
FY2017,16,017,N
FY2017,16,019,N
FY2017,16,021,N
FY2017,16,023,N
FY2017,16,025,N
FY2017,16,027,N
FY2017,16,029,N
FY2017,16,031,N
FY2017,16,033,N
FY2017,16,035,N
FY2017,16,037,N
FY2017,16,039,N
FY2017,16,041,N
FY2017,16,043,N
FY2017,16,045,N
FY2017,16,047,N
FY2017,16,049,N
FY2017,16,051,N
FY2017,16,053,N
FY2017,16,055,N
FY2017,16,057,N
FY2017,16,059,N
FY2017,16,061,N
FY2017,16,063,N
FY2017,16,065,N
FY2017,16,067,N
FY2017,16,069,N
FY2017,16,071,N
FY2017,16,073,N
FY2017,16,075,N
FY2017,16,077,N
FY2017,16,079,N
FY2017,16,081,N
FY2017,16,083,N
FY2017,16,085,N
FY2017,16,087,N
FY2017,17,001,N
FY2017,17,003,N
FY2017,17,005,N
FY2017,17,007,N
FY2017,17,009,N
FY2017,17,011,N
FY2017,17,013,N
FY2017,17,015,N
FY2017,17,017,N
FY2017,17,019,N
FY2017,17,021,N
FY2017,17,023,N
FY2017,17,025,N
FY2017,17,027,N
FY2017,17,029,N
FY2017,17,031,N
FY2017,17,033,N
FY2017,17,035,N
FY2017,17,037,N
FY2017,17,039,N
FY2017,17,041,N
FY2017,17,043,N
FY2017,17,045,N
FY2017,17,047,N
FY2017,17,049,N
FY2017,17,051,N
FY2017,17,053,N
FY2017,17,055,N
FY2017,17,057,N
FY2017,17,059,N
FY2017,17,061,N
FY2017,17,063,N
FY2017,17,065,N
FY2017,17,067,N
FY2017,17,069,N
FY2017,17,071,N
FY2017,17,073,N
FY2017,17,075,N
FY2017,17,077,N
FY2017,17,079,N
FY2017,17,081,N
FY2017,17,083,N
FY2017,17,085,N
FY2017,17,087,N
FY2017,17,089,N
FY2017,17,091,N
FY2017,17,093,N
FY2017,17,095,N
FY2017,17,097,N
FY2017,17,099,N
FY2017,17,101,N
FY2017,17,103,N
FY2017,17,105,N
FY2017,17,107,N
FY2017,17,109,N
FY2017,17,111,N
FY2017,17,113,N
FY2017,17,115,N
FY2017,17,117,N
FY2017,17,119,N
FY2017,17,121,N
FY2017,17,123,N
FY2017,17,125,N
FY2017,17,127,N
FY2017,17,129,N
FY2017,17,131,N
FY2017,17,133,N
FY2017,17,135,N
FY2017,17,137,N
FY2017,17,139,N
FY2017,17,141,N
FY2017,17,143,N
FY2017,17,145,N
FY2017,17,147,N
FY2017,17,149,N
FY2017,17,151,N
FY2017,17,153,N
FY2017,17,155,N
FY2017,17,157,N
FY2017,17,159,N
FY2017,17,161,N
FY2017,17,163,N
FY2017,17,165,N
FY2017,17,167,N
FY2017,17,169,N
FY2017,17,171,N
FY2017,17,173,N
FY2017,17,175,N
FY2017,17,177,N
FY2017,17,179,N
FY2017,17,181,N
FY2017,17,183,N
FY2017,17,185,N
FY2017,17,187,N
FY2017,17,189,N
FY2017,17,191,N
FY2017,17,193,N
FY2017,17,195,N
FY2017,17,197,N
FY2017,17,199,N
FY2017,17,201,N
FY2017,17,203,N
FY2017,18,001,N
FY2017,18,003,N
FY2017,18,005,N
FY2017,18,007,N
FY2017,18,009,N
FY2017,18,011,N
FY2017,18,013,N
FY2017,18,015,N
FY2017,18,017,N
FY2017,18,019,N
FY2017,18,021,N
FY2017,18,023,N
FY2017,18,025,N
FY2017,18,027,N
FY2017,18,029,N
FY2017,18,031,N
FY2017,18,033,N
FY2017,18,035,N
FY2017,18,037,N
FY2017,18,039,N
FY2017,18,041,N
FY2017,18,043,N
FY2017,18,045,N
FY2017,18,047,N
FY2017,18,049,N
FY2017,18,051,N
FY2017,18,053,N
FY2017,18,055,N
FY2017,18,057,N
FY2017,18,059,N
FY2017,18,061,N
FY2017,18,063,N
FY2017,18,065,N
FY2017,18,067,N
FY2017,18,069,N
FY2017,18,071,N
FY2017,18,073,N
FY2017,18,075,N
FY2017,18,077,N
FY2017,18,079,N
FY2017,18,081,N
FY2017,18,083,N
FY2017,18,085,N
FY2017,18,087,N
FY2017,18,089,N
FY2017,18,091,N
FY2017,18,093,N
FY2017,18,095,N
FY2017,18,097,N
FY2017,18,099,N
FY2017,18,101,N
FY2017,18,103,N
FY2017,18,105,N
FY2017,18,107,N
FY2017,18,109,N
FY2017,18,111,N
FY2017,18,113,N
FY2017,18,115,N
FY2017,18,117,N
FY2017,18,119,N
FY2017,18,121,N
FY2017,18,123,N
FY2017,18,125,N
FY2017,18,127,N
FY2017,18,129,N
FY2017,18,131,N
FY2017,18,133,N
FY2017,18,135,N
FY2017,18,137,N
FY2017,18,139,N
FY2017,18,141,N
FY2017,18,143,N
FY2017,18,145,N
FY2017,18,147,N
FY2017,18,149,N
FY2017,18,151,N
FY2017,18,153,N
FY2017,18,155,N
FY2017,18,157,N
FY2017,18,159,N
FY2017,18,161,N
FY2017,18,163,N
FY2017,18,165,N
FY2017,18,167,N
FY2017,18,169,N
FY2017,18,171,N
FY2017,18,173,N
FY2017,18,175,N
FY2017,18,177,N
FY2017,18,179,N
FY2017,18,181,N
FY2017,18,183,N
FY2017,19,001,N
FY2017,19,003,N
FY2017,19,005,N
FY2017,19,007,N
FY2017,19,009,N
FY2017,19,011,N
FY2017,19,013,N
FY2017,19,015,N
FY2017,19,017,N
FY2017,19,019,N
FY2017,19,021,N
FY2017,19,023,N
FY2017,19,025,N
FY2017,19,027,N
FY2017,19,029,N
FY2017,19,031,N
FY2017,19,033,N
FY2017,19,035,N
FY2017,19,037,N
FY2017,19,039,N
FY2017,19,041,N
FY2017,19,043,N
FY2017,19,045,N
FY2017,19,047,N
FY2017,19,049,N
FY2017,19,051,N
FY2017,19,053,N
FY2017,19,055,N
FY2017,19,057,N
FY2017,19,059,N
FY2017,19,061,N
FY2017,19,063,N
FY2017,19,065,N
FY2017,19,067,N
FY2017,19,069,N
FY2017,19,071,N
FY2017,19,073,N
FY2017,19,075,N
FY2017,19,077,N
FY2017,19,079,N
FY2017,19,081,N
FY2017,19,083,N
FY2017,19,085,N
FY2017,19,087,N
FY2017,19,089,N
FY2017,19,091,N
FY2017,19,093,N
FY2017,19,095,N
FY2017,19,097,N
FY2017,19,099,N
FY2017,19,101,N
FY2017,19,103,N
FY2017,19,105,N
FY2017,19,107,N
FY2017,19,109,N
FY2017,19,111,N
FY2017,19,113,N
FY2017,19,115,N
FY2017,19,117,N
FY2017,19,119,N
FY2017,19,121,N
FY2017,19,123,N
FY2017,19,125,N
FY2017,19,127,N
FY2017,19,129,N
FY2017,19,131,N
FY2017,19,133,N
FY2017,19,135,N
FY2017,19,137,N
FY2017,19,139,N
FY2017,19,141,N
FY2017,19,143,N
FY2017,19,145,N
FY2017,19,147,N
FY2017,19,149,N
FY2017,19,151,N
FY2017,19,153,N
FY2017,19,155,N
FY2017,19,157,N
FY2017,19,159,N
FY2017,19,161,N
FY2017,19,163,N
FY2017,19,165,N
FY2017,19,167,N
FY2017,19,169,N
FY2017,19,171,N
FY2017,19,173,N
FY2017,19,175,N
FY2017,19,177,N
FY2017,19,179,N
FY2017,19,181,N
FY2017,19,183,N
FY2017,19,185,N
FY2017,19,187,N
FY2017,19,189,N
FY2017,19,191,N
FY2017,19,193,N
FY2017,19,195,N
FY2017,19,197,N
FY2017,20,001,N
FY2017,20,003,N
FY2017,20,005,N
FY2017,20,007,N
FY2017,20,009,N
FY2017,20,011,N
FY2017,20,013,N
FY2017,20,015,N
FY2017,20,017,N
FY2017,20,019,N
FY2017,20,021,N
FY2017,20,023,N
FY2017,20,025,N
FY2017,20,027,N
FY2017,20,029,N
FY2017,20,031,N
FY2017,20,033,N
FY2017,20,035,N
FY2017,20,037,N
FY2017,20,039,N
FY2017,20,041,N
FY2017,20,043,N
FY2017,20,045,N
FY2017,20,047,N
FY2017,20,049,N
FY2017,20,051,N
FY2017,20,053,N
FY2017,20,055,N
FY2017,20,057,N
FY2017,20,059,N
FY2017,20,061,N
FY2017,20,063,N
FY2017,20,065,N
FY2017,20,067,N
FY2017,20,069,N
FY2017,20,071,N
FY2017,20,073,N
FY2017,20,075,N
FY2017,20,077,N
FY2017,20,079,N
FY2017,20,081,N
FY2017,20,083,N
FY2017,20,085,N
FY2017,20,087,N
FY2017,20,089,N
FY2017,20,091,N
FY2017,20,093,N
FY2017,20,095,N
FY2017,20,097,N
FY2017,20,099,N
FY2017,20,101,N
FY2017,20,103,N
FY2017,20,105,N
FY2017,20,107,N
FY2017,20,109,N
FY2017,20,111,N
FY2017,20,113,N
FY2017,20,115,N
FY2017,20,117,N
FY2017,20,119,N
FY2017,20,121,N
FY2017,20,123,N
FY2017,20,125,N
FY2017,20,127,N
FY2017,20,129,N
FY2017,20,131,N
FY2017,20,133,N
FY2017,20,135,N
FY2017,20,137,N
FY2017,20,139,N
FY2017,20,141,N
FY2017,20,143,N
FY2017,20,145,N
FY2017,20,147,N
FY2017,20,149,N
FY2017,20,151,N
FY2017,20,153,N
FY2017,20,155,N
FY2017,20,157,N
FY2017,20,159,N
FY2017,20,161,N
FY2017,20,163,N
FY2017,20,165,N
FY2017,20,167,N
FY2017,20,169,N
FY2017,20,171,N
FY2017,20,173,N
FY2017,20,175,N
FY2017,20,177,N
FY2017,20,179,N
FY2017,20,181,N
FY2017,20,183,N
FY2017,20,185,N
FY2017,20,187,N
FY2017,20,189,N
FY2017,20,191,N
FY2017,20,193,N
FY2017,20,195,N
FY2017,20,197,N
FY2017,20,199,N
FY2017,20,201,N
FY2017,20,203,N
FY2017,20,205,N
FY2017,20,207,N
FY2017,20,209,N
FY2017,21,001,Y
FY2017,21,003,N
FY2017,21,005,N
FY2017,21,007,N
FY2017,21,009,N
FY2017,21,011,Y
FY2017,21,013,Y
FY2017,21,015,N
FY2017,21,017,N
FY2017,21,019,Y
FY2017,21,021,N
FY2017,21,023,N
FY2017,21,025,Y
FY2017,21,027,N
FY2017,21,029,N
FY2017,21,031,N
FY2017,21,033,N
FY2017,21,035,N
FY2017,21,037,N
FY2017,21,039,N
FY2017,21,041,N
FY2017,21,043,Y
FY2017,21,045,Y
FY2017,21,047,N
FY2017,21,049,Y
FY2017,21,051,Y
FY2017,21,053,Y
FY2017,21,055,N
FY2017,21,057,Y
FY2017,21,059,N
FY2017,21,061,Y
FY2017,21,063,Y
FY2017,21,065,Y
FY2017,21,067,N
FY2017,21,069,Y
FY2017,21,071,Y
FY2017,21,073,N
FY2017,21,075,N
FY2017,21,077,N
FY2017,21,079,Y
FY2017,21,081,N
FY2017,21,083,N
FY2017,21,085,N
FY2017,21,087,Y
FY2017,21,089,Y
FY2017,21,091,N
FY2017,21,093,N
FY2017,21,095,Y
FY2017,21,097,N
FY2017,21,099,Y
FY2017,21,101,N
FY2017,21,103,N
FY2017,21,105,N
FY2017,21,107,N
FY2017,21,109,Y
FY2017,21,111,N
FY2017,21,113,N
FY2017,21,115,Y
FY2017,21,117,N
FY2017,21,119,Y
FY2017,21,121,Y
FY2017,21,123,N
FY2017,21,125,Y
FY2017,21,127,Y
FY2017,21,129,Y
FY2017,21,131,Y
FY2017,21,133,Y
FY2017,21,135,Y
FY2017,21,137,Y
FY2017,21,139,N
FY2017,21,141,N
FY2017,21,143,N
FY2017,21,145,N
FY2017,21,147,Y
FY2017,21,149,N
FY2017,21,151,Y
FY2017,21,153,Y
FY2017,21,155,N
FY2017,21,157,N
FY2017,21,159,Y
FY2017,21,161,N
FY2017,21,163,N
FY2017,21,165,Y
FY2017,21,167,N
FY2017,21,169,Y
FY2017,21,171,Y
FY2017,21,173,Y
FY2017,21,175,Y
FY2017,21,177,N
FY2017,21,179,N
FY2017,21,181,Y
FY2017,21,183,N
FY2017,21,185,N
FY2017,21,187,N
FY2017,21,189,Y
FY2017,21,191,N
FY2017,21,193,Y
FY2017,21,195,Y
FY2017,21,197,Y
FY2017,21,199,Y
FY2017,21,201,Y
FY2017,21,203,Y
FY2017,21,205,Y
FY2017,21,207,Y
FY2017,21,209,N
FY2017,21,211,N
FY2017,21,213,N
FY2017,21,215,N
FY2017,21,217,N
FY2017,21,219,N
FY2017,21,221,N
FY2017,21,223,N
FY2017,21,225,N
FY2017,21,227,N
FY2017,21,229,N
FY2017,21,231,Y
FY2017,21,233,N
FY2017,21,235,Y
FY2017,21,237,Y
FY2017,21,239,N
FY2017,22,001,N
FY2017,22,003,N
FY2017,22,005,N
FY2017,22,007,N
FY2017,22,009,N
FY2017,22,011,N
FY2017,22,013,N
FY2017,22,015,N
FY2017,22,017,N
FY2017,22,019,N
FY2017,22,021,N
FY2017,22,023,N
FY2017,22,025,N
FY2017,22,027,N
FY2017,22,029,N
FY2017,22,031,N
FY2017,22,033,N
FY2017,22,035,N
FY2017,22,037,N
FY2017,22,039,N
FY2017,22,041,N
FY2017,22,043,N
FY2017,22,045,N
FY2017,22,047,N
FY2017,22,049,N
FY2017,22,051,N
FY2017,22,053,N
FY2017,22,055,N
FY2017,22,057,N
FY2017,22,059,N
FY2017,22,061,N
FY2017,22,063,N
FY2017,22,065,N
FY2017,22,067,N
FY2017,22,069,N
FY2017,22,071,N
FY2017,22,073,N
FY2017,22,075,N
FY2017,22,077,N
FY2017,22,079,N
FY2017,22,081,N
FY2017,22,083,N
FY2017,22,085,N
FY2017,22,087,N
FY2017,22,089,N
FY2017,22,091,N
FY2017,22,093,N
FY2017,22,095,N
FY2017,22,097,N
FY2017,22,099,N
FY2017,22,101,N
FY2017,22,103,N
FY2017,22,105,N
FY2017,22,107,N
FY2017,22,109,N
FY2017,22,111,N
FY2017,22,113,N
FY2017,22,115,N
FY2017,22,117,N
FY2017,22,119,N
FY2017,22,121,N
FY2017,22,123,N
FY2017,22,125,N
FY2017,22,127,N
FY2017,23,001,N
FY2017,23,003,N
FY2017,23,005,N
FY2017,23,007,N
FY2017,23,009,N
FY2017,23,011,N
FY2017,23,013,N
FY2017,23,015,N
FY2017,23,017,N
FY2017,23,019,N
FY2017,23,021,N
FY2017,23,023,N
FY2017,23,025,N
FY2017,23,027,N
FY2017,23,029,N
FY2017,23,031,N
FY2017,24,001,Y
FY2017,24,003,N
FY2017,24,005,N
FY2017,24,009,N
FY2017,24,011,N
FY2017,24,013,N
FY2017,24,015,N
FY2017,24,017,N
FY2017,24,019,N
FY2017,24,021,N
FY2017,24,023,Y
FY2017,24,025,N
FY2017,24,027,N
FY2017,24,029,N
FY2017,24,031,N
FY2017,24,033,N
FY2017,24,035,N
FY2017,24,037,N
FY2017,24,039,N
FY2017,24,041,N
FY2017,24,043,Y
FY2017,24,045,N
FY2017,24,047,N
FY2017,24,510,N
FY2017,25,001,N
FY2017,25,003,N
FY2017,25,005,N
FY2017,25,007,N
FY2017,25,009,N
FY2017,25,011,N
FY2017,25,013,N
FY2017,25,015,N
FY2017,25,017,N
FY2017,25,019,N
FY2017,25,021,N
FY2017,25,023,N
FY2017,25,025,N
FY2017,25,027,N
FY2017,26,001,N
FY2017,26,003,N
FY2017,26,005,N
FY2017,26,007,N
FY2017,26,009,N
FY2017,26,011,N
FY2017,26,013,N
FY2017,26,015,N
FY2017,26,017,N
FY2017,26,019,N
FY2017,26,021,N
FY2017,26,023,N
FY2017,26,025,N
FY2017,26,027,N
FY2017,26,029,N
FY2017,26,031,N
FY2017,26,033,N
FY2017,26,035,N
FY2017,26,037,N
FY2017,26,039,N
FY2017,26,041,N
FY2017,26,043,N
FY2017,26,045,N
FY2017,26,047,N
FY2017,26,049,N
FY2017,26,051,N
FY2017,26,053,N
FY2017,26,055,N
FY2017,26,057,N
FY2017,26,059,N
FY2017,26,061,N
FY2017,26,063,N
FY2017,26,065,N
FY2017,26,067,N
FY2017,26,069,N
FY2017,26,071,N
FY2017,26,073,N
FY2017,26,075,N
FY2017,26,077,N
FY2017,26,079,N
FY2017,26,081,N
FY2017,26,083,N
FY2017,26,085,N
FY2017,26,087,N
FY2017,26,089,N
FY2017,26,091,N
FY2017,26,093,N
FY2017,26,095,N
FY2017,26,097,N
FY2017,26,099,N
FY2017,26,101,N
FY2017,26,103,N
FY2017,26,105,N
FY2017,26,107,N
FY2017,26,109,N
FY2017,26,111,N
FY2017,26,113,N
FY2017,26,115,N
FY2017,26,117,N
FY2017,26,119,N
FY2017,26,121,N
FY2017,26,123,N
FY2017,26,125,N
FY2017,26,127,N
FY2017,26,129,N
FY2017,26,131,N
FY2017,26,133,N
FY2017,26,135,N
FY2017,26,137,N
FY2017,26,139,N
FY2017,26,141,N
FY2017,26,143,N
FY2017,26,145,N
FY2017,26,147,N
FY2017,26,149,N
FY2017,26,151,N
FY2017,26,153,N
FY2017,26,155,N
FY2017,26,157,N
FY2017,26,159,N
FY2017,26,161,N
FY2017,26,163,N
FY2017,26,165,N
FY2017,27,001,N
FY2017,27,003,N
FY2017,27,005,N
FY2017,27,007,N
FY2017,27,009,N
FY2017,27,011,N
FY2017,27,013,N
FY2017,27,015,N
FY2017,27,017,N
FY2017,27,019,N
FY2017,27,021,N
FY2017,27,023,N
FY2017,27,025,N
FY2017,27,027,N
FY2017,27,029,N
FY2017,27,031,N
FY2017,27,033,N
FY2017,27,035,N
FY2017,27,037,N
FY2017,27,039,N
FY2017,27,041,N
FY2017,27,043,N
FY2017,27,045,N
FY2017,27,047,N
FY2017,27,049,N
FY2017,27,051,N
FY2017,27,053,N
FY2017,27,055,N
FY2017,27,057,N
FY2017,27,059,N
FY2017,27,061,N
FY2017,27,063,N
FY2017,27,065,N
FY2017,27,067,N
FY2017,27,069,N
FY2017,27,071,N
FY2017,27,073,N
FY2017,27,075,N
FY2017,27,077,N
FY2017,27,079,N
FY2017,27,081,N
FY2017,27,083,N
FY2017,27,085,N
FY2017,27,087,N
FY2017,27,089,N
FY2017,27,091,N
FY2017,27,093,N
FY2017,27,095,N
FY2017,27,097,N
FY2017,27,099,N
FY2017,27,101,N
FY2017,27,103,N
FY2017,27,105,N
FY2017,27,107,N
FY2017,27,109,N
FY2017,27,111,N
FY2017,27,113,N
FY2017,27,115,N
FY2017,27,117,N
FY2017,27,119,N
FY2017,27,121,N
FY2017,27,123,N
FY2017,27,125,N
FY2017,27,127,N
FY2017,27,129,N
FY2017,27,131,N
FY2017,27,133,N
FY2017,27,135,N
FY2017,27,137,N
FY2017,27,139,N
FY2017,27,141,N
FY2017,27,143,N
FY2017,27,145,N
FY2017,27,147,N
FY2017,27,149,N
FY2017,27,151,N
FY2017,27,153,N
FY2017,27,155,N
FY2017,27,157,N
FY2017,27,159,N
FY2017,27,161,N
FY2017,27,163,N
FY2017,27,165,N
FY2017,27,167,N
FY2017,27,169,N
FY2017,27,171,N
FY2017,27,173,N
FY2017,28,001,N
FY2017,28,003,Y
FY2017,28,005,N
FY2017,28,007,N
FY2017,28,009,Y
FY2017,28,011,N
FY2017,28,013,Y
FY2017,28,015,N
FY2017,28,017,Y
FY2017,28,019,Y
FY2017,28,021,N
FY2017,28,023,N
FY2017,28,025,Y
FY2017,28,027,N
FY2017,28,029,N
FY2017,28,031,N
FY2017,28,033,N
FY2017,28,035,N
FY2017,28,037,N
FY2017,28,039,N
FY2017,28,041,N
FY2017,28,043,N
FY2017,28,045,N
FY2017,28,047,N
FY2017,28,049,N
FY2017,28,051,N
FY2017,28,053,N
FY2017,28,055,N
FY2017,28,057,Y
FY2017,28,059,N
FY2017,28,061,N
FY2017,28,063,N
FY2017,28,065,N
FY2017,28,067,N
FY2017,28,069,Y
FY2017,28,071,N
FY2017,28,073,N
FY2017,28,075,N
FY2017,28,077,N
FY2017,28,079,N
FY2017,28,081,Y
FY2017,28,083,N
FY2017,28,085,N
FY2017,28,087,Y
FY2017,28,089,N
FY2017,28,091,N
FY2017,28,093,Y
FY2017,28,095,Y
FY2017,28,097,Y
FY2017,28,099,N
FY2017,28,101,N
FY2017,28,103,Y
FY2017,28,105,Y
FY2017,28,107,Y
FY2017,28,109,N
FY2017,28,111,N
FY2017,28,113,N
FY2017,28,115,Y
FY2017,28,117,Y
FY2017,28,119,N
FY2017,28,121,N
FY2017,28,123,N
FY2017,28,125,N
FY2017,28,127,N
FY2017,28,129,N
FY2017,28,131,N
FY2017,28,133,N
FY2017,28,135,N
FY2017,28,137,N
FY2017,28,139,Y
FY2017,28,141,Y
FY2017,28,143,N
FY2017,28,145,Y
FY2017,28,147,N
FY2017,28,149,N
FY2017,28,151,N
FY2017,28,153,N
FY2017,28,155,Y
FY2017,28,157,N
FY2017,28,159,Y
FY2017,28,161,Y
FY2017,28,163,N
FY2017,29,001,N
FY2017,29,003,N
FY2017,29,005,N
FY2017,29,007,N
FY2017,29,009,N
FY2017,29,011,N
FY2017,29,013,N
FY2017,29,015,N
FY2017,29,017,N
FY2017,29,019,N
FY2017,29,021,N
FY2017,29,023,N
FY2017,29,025,N
FY2017,29,027,N
FY2017,29,029,N
FY2017,29,031,N
FY2017,29,033,N
FY2017,29,035,N
FY2017,29,037,N
FY2017,29,039,N
FY2017,29,041,N
FY2017,29,043,N
FY2017,29,045,N
FY2017,29,047,N
FY2017,29,049,N
FY2017,29,051,N
FY2017,29,053,N
FY2017,29,055,N
FY2017,29,057,N
FY2017,29,059,N
FY2017,29,061,N
FY2017,29,063,N
FY2017,29,065,N
FY2017,29,067,N
FY2017,29,069,N
FY2017,29,071,N
FY2017,29,073,N
FY2017,29,075,N
FY2017,29,077,N
FY2017,29,079,N
FY2017,29,081,N
FY2017,29,083,N
FY2017,29,085,N
FY2017,29,087,N
FY2017,29,089,N
FY2017,29,091,N
FY2017,29,093,N
FY2017,29,095,N
FY2017,29,097,N
FY2017,29,099,N
FY2017,29,101,N
FY2017,29,103,N
FY2017,29,105,N
FY2017,29,107,N
FY2017,29,109,N
FY2017,29,111,N
FY2017,29,113,N
FY2017,29,115,N
FY2017,29,117,N
FY2017,29,119,N
FY2017,29,121,N
FY2017,29,123,N
FY2017,29,125,N
FY2017,29,127,N
FY2017,29,129,N
FY2017,29,131,N
FY2017,29,133,N
FY2017,29,135,N
FY2017,29,137,N
FY2017,29,139,N
FY2017,29,141,N
FY2017,29,143,N
FY2017,29,145,N
FY2017,29,147,N
FY2017,29,149,N
FY2017,29,151,N
FY2017,29,153,N
FY2017,29,155,N
FY2017,29,157,N
FY2017,29,159,N
FY2017,29,161,N
FY2017,29,163,N
FY2017,29,165,N
FY2017,29,167,N
FY2017,29,169,N
FY2017,29,171,N
FY2017,29,173,N
FY2017,29,175,N
FY2017,29,177,N
FY2017,29,179,N
FY2017,29,181,N
FY2017,29,183,N
FY2017,29,185,N
FY2017,29,186,N
FY2017,29,187,N
FY2017,29,189,N
FY2017,29,195,N
FY2017,29,197,N
FY2017,29,199,N
FY2017,29,201,N
FY2017,29,203,N
FY2017,29,205,N
FY2017,29,207,N
FY2017,29,209,N
FY2017,29,211,N
FY2017,29,213,N
FY2017,29,215,N
FY2017,29,217,N
FY2017,29,219,N
FY2017,29,221,N
FY2017,29,223,N
FY2017,29,225,N
FY2017,29,227,N
FY2017,29,229,N
FY2017,29,510,N
FY2017,30,001,N
FY2017,30,003,N
FY2017,30,005,N
FY2017,30,007,N
FY2017,30,009,N
FY2017,30,011,N
FY2017,30,013,N
FY2017,30,015,N
FY2017,30,017,N
FY2017,30,019,N
FY2017,30,021,N
FY2017,30,023,N
FY2017,30,025,N
FY2017,30,027,N
FY2017,30,029,N
FY2017,30,031,N
FY2017,30,033,N
FY2017,30,035,N
FY2017,30,037,N
FY2017,30,039,N
FY2017,30,041,N
FY2017,30,043,N
FY2017,30,045,N
FY2017,30,047,N
FY2017,30,049,N
FY2017,30,051,N
FY2017,30,053,N
FY2017,30,055,N
FY2017,30,057,N
FY2017,30,059,N
FY2017,30,061,N
FY2017,30,063,N
FY2017,30,065,N
FY2017,30,067,N
FY2017,30,069,N
FY2017,30,071,N
FY2017,30,073,N
FY2017,30,075,N
FY2017,30,077,N
FY2017,30,079,N
FY2017,30,081,N
FY2017,30,083,N
FY2017,30,085,N
FY2017,30,087,N
FY2017,30,089,N
FY2017,30,091,N
FY2017,30,093,N
FY2017,30,095,N
FY2017,30,097,N
FY2017,30,099,N
FY2017,30,101,N
FY2017,30,103,N
FY2017,30,105,N
FY2017,30,107,N
FY2017,30,109,N
FY2017,30,111,N
FY2017,31,001,N
FY2017,31,003,N
FY2017,31,005,N
FY2017,31,007,N
FY2017,31,009,N
FY2017,31,011,N
FY2017,31,013,N
FY2017,31,015,N
FY2017,31,017,N
FY2017,31,019,N
FY2017,31,021,N
FY2017,31,023,N
FY2017,31,025,N
FY2017,31,027,N
FY2017,31,029,N
FY2017,31,031,N
FY2017,31,033,N
FY2017,31,035,N
FY2017,31,037,N
FY2017,31,039,N
FY2017,31,041,N
FY2017,31,043,N
FY2017,31,045,N
FY2017,31,047,N
FY2017,31,049,N
FY2017,31,051,N
FY2017,31,053,N
FY2017,31,055,N
FY2017,31,057,N
FY2017,31,059,N
FY2017,31,061,N
FY2017,31,063,N
FY2017,31,065,N
FY2017,31,067,N
FY2017,31,069,N
FY2017,31,071,N
FY2017,31,073,N
FY2017,31,075,N
FY2017,31,077,N
FY2017,31,079,N
FY2017,31,081,N
FY2017,31,083,N
FY2017,31,085,N
FY2017,31,087,N
FY2017,31,089,N
FY2017,31,091,N
FY2017,31,093,N
FY2017,31,095,N
FY2017,31,097,N
FY2017,31,099,N
FY2017,31,101,N
FY2017,31,103,N
FY2017,31,105,N
FY2017,31,107,N
FY2017,31,109,N
FY2017,31,111,N
FY2017,31,113,N
FY2017,31,115,N
FY2017,31,117,N
FY2017,31,119,N
FY2017,31,121,N
FY2017,31,123,N
FY2017,31,125,N
FY2017,31,127,N
FY2017,31,129,N
FY2017,31,131,N
FY2017,31,133,N
FY2017,31,135,N
FY2017,31,137,N
FY2017,31,139,N
FY2017,31,141,N
FY2017,31,143,N
FY2017,31,145,N
FY2017,31,147,N
FY2017,31,149,N
FY2017,31,151,N
FY2017,31,153,N
FY2017,31,155,N
FY2017,31,157,N
FY2017,31,159,N
FY2017,31,161,N
FY2017,31,163,N
FY2017,31,165,N
FY2017,31,167,N
FY2017,31,169,N
FY2017,31,171,N
FY2017,31,173,N
FY2017,31,175,N
FY2017,31,177,N
FY2017,31,179,N
FY2017,31,181,N
FY2017,31,183,N
FY2017,31,185,N
FY2017,32,001,N
FY2017,32,003,N
FY2017,32,005,N
FY2017,32,007,N
FY2017,32,009,N
FY2017,32,011,N
FY2017,32,013,N
FY2017,32,015,N
FY2017,32,017,N
FY2017,32,019,N
FY2017,32,021,N
FY2017,32,023,N
FY2017,32,027,N
FY2017,32,029,N
FY2017,32,031,N
FY2017,32,033,N
FY2017,32,510,N
FY2017,33,001,N
FY2017,33,003,N
FY2017,33,005,N
FY2017,33,007,N
FY2017,33,009,N
FY2017,33,011,N
FY2017,33,013,N
FY2017,33,015,N
FY2017,33,017,N
FY2017,33,019,N
FY2017,34,001,N
FY2017,34,003,N
FY2017,34,005,N
FY2017,34,007,N
FY2017,34,009,N
FY2017,34,011,N
FY2017,34,013,N
FY2017,34,015,N
FY2017,34,017,N
FY2017,34,019,N
FY2017,34,021,N
FY2017,34,023,N
FY2017,34,025,N
FY2017,34,027,N
FY2017,34,029,N
FY2017,34,031,N
FY2017,34,033,N
FY2017,34,035,N
FY2017,34,037,N
FY2017,34,039,N
FY2017,34,041,N
FY2017,35,001,N
FY2017,35,003,N
FY2017,35,005,N
FY2017,35,006,N
FY2017,35,007,N
FY2017,35,009,N
FY2017,35,011,N
FY2017,35,013,N
FY2017,35,015,N
FY2017,35,017,N
FY2017,35,019,N
FY2017,35,021,N
FY2017,35,023,N
FY2017,35,025,N
FY2017,35,027,N
FY2017,35,028,N
FY2017,35,029,N
FY2017,35,031,N
FY2017,35,033,N
FY2017,35,035,N
FY2017,35,037,N
FY2017,35,039,N
FY2017,35,041,N
FY2017,35,043,N
FY2017,35,045,N
FY2017,35,047,N
FY2017,35,049,N
FY2017,35,051,N
FY2017,35,053,N
FY2017,35,055,N
FY2017,35,057,N
FY2017,35,059,N
FY2017,35,061,N
FY2017,36,001,N
FY2017,36,003,Y
FY2017,36,005,N
FY2017,36,007,Y
FY2017,36,009,Y
FY2017,36,011,N
FY2017,36,013,Y
FY2017,36,015,Y
FY2017,36,017,Y
FY2017,36,019,N
FY2017,36,021,N
FY2017,36,023,Y
FY2017,36,025,Y
FY2017,36,027,N
FY2017,36,029,N
FY2017,36,031,N
FY2017,36,033,N
FY2017,36,035,N
FY2017,36,037,N
FY2017,36,039,N
FY2017,36,041,N
FY2017,36,043,N
FY2017,36,045,N
FY2017,36,047,N
FY2017,36,049,N
FY2017,36,051,N
FY2017,36,053,N
FY2017,36,055,N
FY2017,36,057,N
FY2017,36,059,N
FY2017,36,061,N
FY2017,36,063,N
FY2017,36,065,N
FY2017,36,067,N
FY2017,36,069,N
FY2017,36,071,N
FY2017,36,073,N
FY2017,36,075,N
FY2017,36,077,Y
FY2017,36,079,N
FY2017,36,081,N
FY2017,36,083,N
FY2017,36,085,N
FY2017,36,087,N
FY2017,36,089,N
FY2017,36,091,N
FY2017,36,093,N
FY2017,36,095,Y
FY2017,36,097,Y
FY2017,36,099,N
FY2017,36,101,Y
FY2017,36,103,N
FY2017,36,105,N
FY2017,36,107,Y
FY2017,36,109,Y
FY2017,36,111,N
FY2017,36,113,N
FY2017,36,115,N
FY2017,36,117,N
FY2017,36,119,N
FY2017,36,121,N
FY2017,36,123,N
FY2017,37,001,N
FY2017,37,003,Y
FY2017,37,005,Y
FY2017,37,007,N
FY2017,37,009,Y
FY2017,37,011,Y
FY2017,37,013,N
FY2017,37,015,N
FY2017,37,017,N
FY2017,37,019,N
FY2017,37,021,Y
FY2017,37,023,Y
FY2017,37,025,N
FY2017,37,027,Y
FY2017,37,029,N
FY2017,37,031,N
FY2017,37,033,N
FY2017,37,035,N
FY2017,37,037,N
FY2017,37,039,Y
FY2017,37,041,N
FY2017,37,043,Y
FY2017,37,045,N
FY2017,37,047,N
FY2017,37,049,N
FY2017,37,051,N
FY2017,37,053,N
FY2017,37,055,N
FY2017,37,057,N
FY2017,37,059,Y
FY2017,37,061,N
FY2017,37,063,N
FY2017,37,065,N
FY2017,37,067,Y
FY2017,37,069,N
FY2017,37,071,N
FY2017,37,073,N
FY2017,37,075,Y
FY2017,37,077,N
FY2017,37,079,N
FY2017,37,081,N
FY2017,37,083,N
FY2017,37,085,N
FY2017,37,087,Y
FY2017,37,089,Y
FY2017,37,091,N
FY2017,37,093,N
FY2017,37,095,N
FY2017,37,097,N
FY2017,37,099,Y
FY2017,37,101,N
FY2017,37,103,N
FY2017,37,105,N
FY2017,37,107,N
FY2017,37,109,N
FY2017,37,111,Y
FY2017,37,113,Y
FY2017,37,115,Y
FY2017,37,117,N
FY2017,37,119,N
FY2017,37,121,Y
FY2017,37,123,N
FY2017,37,125,N
FY2017,37,127,N
FY2017,37,129,N
FY2017,37,131,N
FY2017,37,133,N
FY2017,37,135,N
FY2017,37,137,N
FY2017,37,139,N
FY2017,37,141,N
FY2017,37,143,N
FY2017,37,145,N
FY2017,37,147,N
FY2017,37,149,Y
FY2017,37,151,N
FY2017,37,153,N
FY2017,37,155,N
FY2017,37,157,N
FY2017,37,159,N
FY2017,37,161,Y
FY2017,37,163,N
FY2017,37,165,N
FY2017,37,167,N
FY2017,37,169,Y
FY2017,37,171,Y
FY2017,37,173,Y
FY2017,37,175,Y
FY2017,37,177,N
FY2017,37,179,N
FY2017,37,181,N
FY2017,37,183,N
FY2017,37,185,N
FY2017,37,187,N
FY2017,37,189,Y
FY2017,37,191,N
FY2017,37,193,Y
FY2017,37,195,N
FY2017,37,197,Y
FY2017,37,199,Y
FY2017,38,001,N
FY2017,38,003,N
FY2017,38,005,N
FY2017,38,007,N
FY2017,38,009,N
FY2017,38,011,N
FY2017,38,013,N
FY2017,38,015,N
FY2017,38,017,N
FY2017,38,019,N
FY2017,38,021,N
FY2017,38,023,N
FY2017,38,025,N
FY2017,38,027,N
FY2017,38,029,N
FY2017,38,031,N
FY2017,38,033,N
FY2017,38,035,N
FY2017,38,037,N
FY2017,38,039,N
FY2017,38,041,N
FY2017,38,043,N
FY2017,38,045,N
FY2017,38,047,N
FY2017,38,049,N
FY2017,38,051,N
FY2017,38,053,N
FY2017,38,055,N
FY2017,38,057,N
FY2017,38,059,N
FY2017,38,061,N
FY2017,38,063,N
FY2017,38,065,N
FY2017,38,067,N
FY2017,38,069,N
FY2017,38,071,N
FY2017,38,073,N
FY2017,38,075,N
FY2017,38,077,N
FY2017,38,079,N
FY2017,38,081,N
FY2017,38,083,N
FY2017,38,085,N
FY2017,38,087,N
FY2017,38,089,N
FY2017,38,091,N
FY2017,38,093,N
FY2017,38,095,N
FY2017,38,097,N
FY2017,38,099,N
FY2017,38,101,N
FY2017,38,103,N
FY2017,38,105,N
FY2017,39,001,Y
FY2017,39,003,N
FY2017,39,005,N
FY2017,39,007,Y
FY2017,39,009,Y
FY2017,39,011,N
FY2017,39,013,Y
FY2017,39,015,Y
FY2017,39,017,N
FY2017,39,019,Y
FY2017,39,021,N
FY2017,39,023,N
FY2017,39,025,Y
FY2017,39,027,N
FY2017,39,029,Y
FY2017,39,031,Y
FY2017,39,033,N
FY2017,39,035,N
FY2017,39,037,N
FY2017,39,039,N
FY2017,39,041,N
FY2017,39,043,N
FY2017,39,045,N
FY2017,39,047,N
FY2017,39,049,N
FY2017,39,051,N
FY2017,39,053,Y
FY2017,39,055,N
FY2017,39,057,N
FY2017,39,059,Y
FY2017,39,061,N
FY2017,39,063,N
FY2017,39,065,N
FY2017,39,067,Y
FY2017,39,069,N
FY2017,39,071,Y
FY2017,39,073,Y
FY2017,39,075,Y
FY2017,39,077,N
FY2017,39,079,Y
FY2017,39,081,Y
FY2017,39,083,N
FY2017,39,085,N
FY2017,39,087,Y
FY2017,39,089,N
FY2017,39,091,N
FY2017,39,093,N
FY2017,39,095,N
FY2017,39,097,N
FY2017,39,099,Y
FY2017,39,101,N
FY2017,39,103,N
FY2017,39,105,Y
FY2017,39,107,N
FY2017,39,109,N
FY2017,39,111,Y
FY2017,39,113,N
FY2017,39,115,Y
FY2017,39,117,N
FY2017,39,119,Y
FY2017,39,121,Y
FY2017,39,123,N
FY2017,39,125,N
FY2017,39,127,Y
FY2017,39,129,N
FY2017,39,131,Y
FY2017,39,133,N
FY2017,39,135,N
FY2017,39,137,N
FY2017,39,139,N
FY2017,39,141,Y
FY2017,39,143,N
FY2017,39,145,Y
FY2017,39,147,N
FY2017,39,149,N
FY2017,39,151,N
FY2017,39,153,N
FY2017,39,155,Y
FY2017,39,157,Y
FY2017,39,159,N
FY2017,39,161,N
FY2017,39,163,Y
FY2017,39,165,N
FY2017,39,167,Y
FY2017,39,169,N
FY2017,39,171,N
FY2017,39,173,N
FY2017,39,175,N
FY2017,40,001,N
FY2017,40,003,N
FY2017,40,005,N
FY2017,40,007,N
FY2017,40,009,N
FY2017,40,011,N
FY2017,40,013,N
FY2017,40,015,N
FY2017,40,017,N
FY2017,40,019,N
FY2017,40,021,N
FY2017,40,023,N
FY2017,40,025,N
FY2017,40,027,N
FY2017,40,029,N
FY2017,40,031,N
FY2017,40,033,N
FY2017,40,035,N
FY2017,40,037,N
FY2017,40,039,N
FY2017,40,041,N
FY2017,40,043,N
FY2017,40,045,N
FY2017,40,047,N
FY2017,40,049,N
FY2017,40,051,N
FY2017,40,053,N
FY2017,40,055,N
FY2017,40,057,N
FY2017,40,059,N
FY2017,40,061,N
FY2017,40,063,N
FY2017,40,065,N
FY2017,40,067,N
FY2017,40,069,N
FY2017,40,071,N
FY2017,40,073,N
FY2017,40,075,N
FY2017,40,077,N
FY2017,40,079,N
FY2017,40,081,N
FY2017,40,083,N
FY2017,40,085,N
FY2017,40,087,N
FY2017,40,089,N
FY2017,40,091,N
FY2017,40,093,N
FY2017,40,095,N
FY2017,40,097,N
FY2017,40,099,N
FY2017,40,101,N
FY2017,40,103,N
FY2017,40,105,N
FY2017,40,107,N
FY2017,40,109,N
FY2017,40,111,N
FY2017,40,113,N
FY2017,40,115,N
FY2017,40,117,N
FY2017,40,119,N
FY2017,40,121,N
FY2017,40,123,N
FY2017,40,125,N
FY2017,40,127,N
FY2017,40,129,N
FY2017,40,131,N
FY2017,40,133,N
FY2017,40,135,N
FY2017,40,137,N
FY2017,40,139,N
FY2017,40,141,N
FY2017,40,143,N
FY2017,40,145,N
FY2017,40,147,N
FY2017,40,149,N
FY2017,40,151,N
FY2017,40,153,N
FY2017,41,001,N
FY2017,41,003,N
FY2017,41,005,N
FY2017,41,007,N
FY2017,41,009,N
FY2017,41,011,N
FY2017,41,013,N
FY2017,41,015,N
FY2017,41,017,N
FY2017,41,019,N
FY2017,41,021,N
FY2017,41,023,N
FY2017,41,025,N
FY2017,41,027,N
FY2017,41,029,N
FY2017,41,031,N
FY2017,41,033,N
FY2017,41,035,N
FY2017,41,037,N
FY2017,41,039,N
FY2017,41,041,N
FY2017,41,043,N
FY2017,41,045,N
FY2017,41,047,N
FY2017,41,049,N
FY2017,41,051,N
FY2017,41,053,N
FY2017,41,055,N
FY2017,41,057,N
FY2017,41,059,N
FY2017,41,061,N
FY2017,41,063,N
FY2017,41,065,N
FY2017,41,067,N
FY2017,41,069,N
FY2017,41,071,N
FY2017,42,001,N
FY2017,42,003,Y
FY2017,42,005,Y
FY2017,42,007,Y
FY2017,42,009,Y
FY2017,42,011,N
FY2017,42,013,Y
FY2017,42,015,Y
FY2017,42,017,N
FY2017,42,019,Y
FY2017,42,021,Y
FY2017,42,023,Y
FY2017,42,025,Y
FY2017,42,027,Y
FY2017,42,029,N
FY2017,42,031,Y
FY2017,42,033,Y
FY2017,42,035,Y
FY2017,42,037,Y
FY2017,42,039,Y
FY2017,42,041,N
FY2017,42,043,N
FY2017,42,045,N
FY2017,42,047,Y
FY2017,42,049,Y
FY2017,42,051,Y
FY2017,42,053,Y
FY2017,42,055,N
FY2017,42,057,Y
FY2017,42,059,Y
FY2017,42,061,Y
FY2017,42,063,Y
FY2017,42,065,Y
FY2017,42,067,Y
FY2017,42,069,Y
FY2017,42,071,N
FY2017,42,073,Y
FY2017,42,075,N
FY2017,42,077,N
FY2017,42,079,Y
FY2017,42,081,Y
FY2017,42,083,Y
FY2017,42,085,Y
FY2017,42,087,Y
FY2017,42,089,Y
FY2017,42,091,N
FY2017,42,093,Y
FY2017,42,095,N
FY2017,42,097,Y
FY2017,42,099,Y
FY2017,42,101,N
FY2017,42,103,Y
FY2017,42,105,Y
FY2017,42,107,Y
FY2017,42,109,Y
FY2017,42,111,Y
FY2017,42,113,Y
FY2017,42,115,Y
FY2017,42,117,Y
FY2017,42,119,Y
FY2017,42,121,Y
FY2017,42,123,Y
FY2017,42,125,Y
FY2017,42,127,Y
FY2017,42,129,Y
FY2017,42,131,Y
FY2017,42,133,N
FY2017,44,001,N
FY2017,44,003,N
FY2017,44,005,N
FY2017,44,007,N
FY2017,44,009,N
FY2017,45,001,N
FY2017,45,003,N
FY2017,45,005,N
FY2017,45,007,Y
FY2017,45,009,N
FY2017,45,011,N
FY2017,45,013,N
FY2017,45,015,N
FY2017,45,017,N
FY2017,45,019,N
FY2017,45,021,Y
FY2017,45,023,N
FY2017,45,025,N
FY2017,45,027,N
FY2017,45,029,N
FY2017,45,031,N
FY2017,45,033,N
FY2017,45,035,N
FY2017,45,037,N
FY2017,45,039,N
FY2017,45,041,N
FY2017,45,043,N
FY2017,45,045,Y
FY2017,45,047,N
FY2017,45,049,N
FY2017,45,051,N
FY2017,45,053,N
FY2017,45,055,N
FY2017,45,057,N
FY2017,45,059,N
FY2017,45,061,N
FY2017,45,063,N
FY2017,45,065,N
FY2017,45,067,N
FY2017,45,069,N
FY2017,45,071,N
FY2017,45,073,Y
FY2017,45,075,N
FY2017,45,077,Y
FY2017,45,079,N
FY2017,45,081,N
FY2017,45,083,Y
FY2017,45,085,N
FY2017,45,087,N
FY2017,45,089,N
FY2017,45,091,N
FY2017,46,003,N
FY2017,46,005,N
FY2017,46,007,N
FY2017,46,009,N
FY2017,46,011,N
FY2017,46,013,N
FY2017,46,015,N
FY2017,46,017,N
FY2017,46,019,N
FY2017,46,021,N
FY2017,46,023,N
FY2017,46,025,N
FY2017,46,027,N
FY2017,46,029,N
FY2017,46,031,N
FY2017,46,033,N
FY2017,46,035,N
FY2017,46,037,N
FY2017,46,039,N
FY2017,46,041,N
FY2017,46,043,N
FY2017,46,045,N
FY2017,46,047,N
FY2017,46,049,N
FY2017,46,051,N
FY2017,46,053,N
FY2017,46,055,N
FY2017,46,057,N
FY2017,46,059,N
FY2017,46,061,N
FY2017,46,063,N
FY2017,46,065,N
FY2017,46,067,N
FY2017,46,069,N
FY2017,46,071,N
FY2017,46,073,N
FY2017,46,075,N
FY2017,46,077,N
FY2017,46,079,N
FY2017,46,081,N
FY2017,46,083,N
FY2017,46,085,N
FY2017,46,087,N
FY2017,46,089,N
FY2017,46,091,N
FY2017,46,093,N
FY2017,46,095,N
FY2017,46,097,N
FY2017,46,099,N
FY2017,46,101,N
FY2017,46,102,N
FY2017,46,103,N
FY2017,46,105,N
FY2017,46,107,N
FY2017,46,109,N
FY2017,46,111,N
FY2017,46,115,N
FY2017,46,117,N
FY2017,46,119,N
FY2017,46,121,N
FY2017,46,123,N
FY2017,46,125,N
FY2017,46,127,N
FY2017,46,129,N
FY2017,46,135,N
FY2017,46,137,N
FY2017,47,001,Y
FY2017,47,003,N
FY2017,47,005,N
FY2017,47,007,Y
FY2017,47,009,Y
FY2017,47,011,Y
FY2017,47,013,Y
FY2017,47,015,Y
FY2017,47,017,N
FY2017,47,019,Y
FY2017,47,021,N
FY2017,47,023,N
FY2017,47,025,Y
FY2017,47,027,Y
FY2017,47,029,Y
FY2017,47,031,Y
FY2017,47,033,N
FY2017,47,035,Y
FY2017,47,037,N
FY2017,47,039,N
FY2017,47,041,Y
FY2017,47,043,N
FY2017,47,045,N
FY2017,47,047,N
FY2017,47,049,Y
FY2017,47,051,Y
FY2017,47,053,N
FY2017,47,055,N
FY2017,47,057,Y
FY2017,47,059,Y
FY2017,47,061,Y
FY2017,47,063,Y
FY2017,47,065,Y
FY2017,47,067,Y
FY2017,47,069,N
FY2017,47,071,N
FY2017,47,073,Y
FY2017,47,075,N
FY2017,47,077,N
FY2017,47,079,N
FY2017,47,081,N
FY2017,47,083,N
FY2017,47,085,N
FY2017,47,087,Y
FY2017,47,089,Y
FY2017,47,091,Y
FY2017,47,093,Y
FY2017,47,095,N
FY2017,47,097,N
FY2017,47,099,Y
FY2017,47,101,Y
FY2017,47,103,N
FY2017,47,105,Y
FY2017,47,107,Y
FY2017,47,109,N
FY2017,47,111,Y
FY2017,47,113,N
FY2017,47,115,Y
FY2017,47,117,N
FY2017,47,119,N
FY2017,47,121,Y
FY2017,47,123,Y
FY2017,47,125,N
FY2017,47,127,N
FY2017,47,129,Y
FY2017,47,131,N
FY2017,47,133,Y
FY2017,47,135,N
FY2017,47,137,Y
FY2017,47,139,Y
FY2017,47,141,Y
FY2017,47,143,Y
FY2017,47,145,Y
FY2017,47,147,N
FY2017,47,149,N
FY2017,47,151,Y
FY2017,47,153,Y
FY2017,47,155,Y
FY2017,47,157,N
FY2017,47,159,Y
FY2017,47,161,N
FY2017,47,163,Y
FY2017,47,165,N
FY2017,47,167,N
FY2017,47,169,N
FY2017,47,171,Y
FY2017,47,173,Y
FY2017,47,175,Y
FY2017,47,177,Y
FY2017,47,179,Y
FY2017,47,181,N
FY2017,47,183,N
FY2017,47,185,Y
FY2017,47,187,N
FY2017,47,189,N
FY2017,48,001,N
FY2017,48,003,N
FY2017,48,005,N
FY2017,48,007,N
FY2017,48,009,N
FY2017,48,011,N
FY2017,48,013,N
FY2017,48,015,N
FY2017,48,017,N
FY2017,48,019,N
FY2017,48,021,N
FY2017,48,023,N
FY2017,48,025,N
FY2017,48,027,N
FY2017,48,029,N
FY2017,48,031,N
FY2017,48,033,N
FY2017,48,035,N
FY2017,48,037,N
FY2017,48,039,N
FY2017,48,041,N
FY2017,48,043,N
FY2017,48,045,N
FY2017,48,047,N
FY2017,48,049,N
FY2017,48,051,N
FY2017,48,053,N
FY2017,48,055,N
FY2017,48,057,N
FY2017,48,059,N
FY2017,48,061,N
FY2017,48,063,N
FY2017,48,065,N
FY2017,48,067,N
FY2017,48,069,N
FY2017,48,071,N
FY2017,48,073,N
FY2017,48,075,N
FY2017,48,077,N
FY2017,48,079,N
FY2017,48,081,N
FY2017,48,083,N
FY2017,48,085,N
FY2017,48,087,N
FY2017,48,089,N
FY2017,48,091,N
FY2017,48,093,N
FY2017,48,095,N
FY2017,48,097,N
FY2017,48,099,N
FY2017,48,101,N
FY2017,48,103,N
FY2017,48,105,N
FY2017,48,107,N
FY2017,48,109,N
FY2017,48,111,N
FY2017,48,113,N
FY2017,48,115,N
FY2017,48,117,N
FY2017,48,119,N
FY2017,48,121,N
FY2017,48,123,N
FY2017,48,125,N
FY2017,48,127,N
FY2017,48,129,N
FY2017,48,131,N
FY2017,48,133,N
FY2017,48,135,N
FY2017,48,137,N
FY2017,48,139,N
FY2017,48,141,N
FY2017,48,143,N
FY2017,48,145,N
FY2017,48,147,N
FY2017,48,149,N
FY2017,48,151,N
FY2017,48,153,N
FY2017,48,155,N
FY2017,48,157,N
FY2017,48,159,N
FY2017,48,161,N
FY2017,48,163,N
FY2017,48,165,N
FY2017,48,167,N
FY2017,48,169,N
FY2017,48,171,N
FY2017,48,173,N
FY2017,48,175,N
FY2017,48,177,N
FY2017,48,179,N
FY2017,48,181,N
FY2017,48,183,N
FY2017,48,185,N
FY2017,48,187,N
FY2017,48,189,N
FY2017,48,191,N
FY2017,48,193,N
FY2017,48,195,N
FY2017,48,197,N
FY2017,48,199,N
FY2017,48,201,N
FY2017,48,203,N
FY2017,48,205,N
FY2017,48,207,N
FY2017,48,209,N
FY2017,48,211,N
FY2017,48,213,N
FY2017,48,215,N
FY2017,48,217,N
FY2017,48,219,N
FY2017,48,221,N
FY2017,48,223,N
FY2017,48,225,N
FY2017,48,227,N
FY2017,48,229,N
FY2017,48,231,N
FY2017,48,233,N
FY2017,48,235,N
FY2017,48,237,N
FY2017,48,239,N
FY2017,48,241,N
FY2017,48,243,N
FY2017,48,245,N
FY2017,48,247,N
FY2017,48,249,N
FY2017,48,251,N
FY2017,48,253,N
FY2017,48,255,N
FY2017,48,257,N
FY2017,48,259,N
FY2017,48,261,N
FY2017,48,263,N
FY2017,48,265,N
FY2017,48,267,N
FY2017,48,269,N
FY2017,48,271,N
FY2017,48,273,N
FY2017,48,275,N
FY2017,48,277,N
FY2017,48,279,N
FY2017,48,281,N
FY2017,48,283,N
FY2017,48,285,N
FY2017,48,287,N
FY2017,48,289,N
FY2017,48,291,N
FY2017,48,293,N
FY2017,48,295,N
FY2017,48,297,N
FY2017,48,299,N
FY2017,48,301,N
FY2017,48,303,N
FY2017,48,305,N
FY2017,48,307,N
FY2017,48,309,N
FY2017,48,311,N
FY2017,48,313,N
FY2017,48,315,N
FY2017,48,317,N
FY2017,48,319,N
FY2017,48,321,N
FY2017,48,323,N
FY2017,48,325,N
FY2017,48,327,N
FY2017,48,329,N
FY2017,48,331,N
FY2017,48,333,N
FY2017,48,335,N
FY2017,48,337,N
FY2017,48,339,N
FY2017,48,341,N
FY2017,48,343,N
FY2017,48,345,N
FY2017,48,347,N
FY2017,48,349,N
FY2017,48,351,N
FY2017,48,353,N
FY2017,48,355,N
FY2017,48,357,N
FY2017,48,359,N
FY2017,48,361,N
FY2017,48,363,N
FY2017,48,365,N
FY2017,48,367,N
FY2017,48,369,N
FY2017,48,371,N
FY2017,48,373,N
FY2017,48,375,N
FY2017,48,377,N
FY2017,48,379,N
FY2017,48,381,N
FY2017,48,383,N
FY2017,48,385,N
FY2017,48,387,N
FY2017,48,389,N
FY2017,48,391,N
FY2017,48,393,N
FY2017,48,395,N
FY2017,48,397,N
FY2017,48,399,N
FY2017,48,401,N
FY2017,48,403,N
FY2017,48,405,N
FY2017,48,407,N
FY2017,48,409,N
FY2017,48,411,N
FY2017,48,413,N
FY2017,48,415,N
FY2017,48,417,N
FY2017,48,419,N
FY2017,48,421,N
FY2017,48,423,N
FY2017,48,425,N
FY2017,48,427,N
FY2017,48,429,N
FY2017,48,431,N
FY2017,48,433,N
FY2017,48,435,N
FY2017,48,437,N
FY2017,48,439,N
FY2017,48,441,N
FY2017,48,443,N
FY2017,48,445,N
FY2017,48,447,N
FY2017,48,449,N
FY2017,48,451,N
FY2017,48,453,N
FY2017,48,455,N
FY2017,48,457,N
FY2017,48,459,N
FY2017,48,461,N
FY2017,48,463,N
FY2017,48,465,N
FY2017,48,467,N
FY2017,48,469,N
FY2017,48,471,N
FY2017,48,473,N
FY2017,48,475,N
FY2017,48,477,N
FY2017,48,479,N
FY2017,48,481,N
FY2017,48,483,N
FY2017,48,485,N
FY2017,48,487,N
FY2017,48,489,N
FY2017,48,491,N
FY2017,48,493,N
FY2017,48,495,N
FY2017,48,497,N
FY2017,48,499,N
FY2017,48,501,N
FY2017,48,503,N
FY2017,48,505,N
FY2017,48,507,N
FY2017,49,001,N
FY2017,49,003,N
FY2017,49,005,N
FY2017,49,007,N
FY2017,49,009,N
FY2017,49,011,N
FY2017,49,013,N
FY2017,49,015,N
FY2017,49,017,N
FY2017,49,019,N
FY2017,49,021,N
FY2017,49,023,N
FY2017,49,025,N
FY2017,49,027,N
FY2017,49,029,N
FY2017,49,031,N
FY2017,49,033,N
FY2017,49,035,N
FY2017,49,037,N
FY2017,49,039,N
FY2017,49,041,N
FY2017,49,043,N
FY2017,49,045,N
FY2017,49,047,N
FY2017,49,049,N
FY2017,49,051,N
FY2017,49,053,N
FY2017,49,055,N
FY2017,49,057,N
FY2017,50,001,N
FY2017,50,003,N
FY2017,50,005,N
FY2017,50,007,N
FY2017,50,009,N
FY2017,50,011,N
FY2017,50,013,N
FY2017,50,015,N
FY2017,50,017,N
FY2017,50,019,N
FY2017,50,021,N
FY2017,50,023,N
FY2017,50,025,N
FY2017,50,027,N
FY2017,51,001,N
FY2017,51,003,N
FY2017,51,005,Y
FY2017,51,007,N
FY2017,51,009,N
FY2017,51,011,N
FY2017,51,013,N
FY2017,51,015,N
FY2017,51,017,Y
FY2017,51,019,N
FY2017,51,021,Y
FY2017,51,023,Y
FY2017,51,025,N
FY2017,51,027,Y
FY2017,51,029,N
FY2017,51,031,N
FY2017,51,033,N
FY2017,51,035,Y
FY2017,51,036,N
FY2017,51,037,N
FY2017,51,041,N
FY2017,51,043,N
FY2017,51,045,Y
FY2017,51,047,N
FY2017,51,049,N
FY2017,51,051,Y
FY2017,51,053,N
FY2017,51,057,N
FY2017,51,059,N
FY2017,51,061,N
FY2017,51,063,Y
FY2017,51,065,N
FY2017,51,067,N
FY2017,51,069,N
FY2017,51,071,Y
FY2017,51,073,N
FY2017,51,075,N
FY2017,51,077,Y
FY2017,51,079,N
FY2017,51,081,N
FY2017,51,083,N
FY2017,51,085,N
FY2017,51,087,N
FY2017,51,089,Y
FY2017,51,091,Y
FY2017,51,093,N
FY2017,51,095,N
FY2017,51,097,N
FY2017,51,099,N
FY2017,51,101,N
FY2017,51,103,N
FY2017,51,105,Y
FY2017,51,107,N
FY2017,51,109,N
FY2017,51,111,N
FY2017,51,113,N
FY2017,51,115,N
FY2017,51,117,N
FY2017,51,119,N
FY2017,51,121,Y
FY2017,51,125,N
FY2017,51,127,N
FY2017,51,131,N
FY2017,51,133,N
FY2017,51,135,N
FY2017,51,137,N
FY2017,51,139,N
FY2017,51,141,Y
FY2017,51,143,N
FY2017,51,145,N
FY2017,51,147,N
FY2017,51,149,N
FY2017,51,153,N
FY2017,51,155,Y
FY2017,51,157,N
FY2017,51,159,N
FY2017,51,161,N
FY2017,51,163,Y
FY2017,51,165,N
FY2017,51,167,Y
FY2017,51,169,Y
FY2017,51,171,N
FY2017,51,173,Y
FY2017,51,175,N
FY2017,51,177,N
FY2017,51,179,N
FY2017,51,181,N
FY2017,51,183,N
FY2017,51,185,Y
FY2017,51,187,N
FY2017,51,191,Y
FY2017,51,193,N
FY2017,51,195,Y
FY2017,51,197,Y
FY2017,51,199,N
FY2017,51,510,N
FY2017,51,550,N
FY2017,51,650,N
FY2017,51,700,N
FY2017,51,710,N
FY2017,51,740,N
FY2017,51,760,N
FY2017,51,770,N
FY2017,51,800,N
FY2017,51,810,N
FY2017,53,001,N
FY2017,53,003,N
FY2017,53,005,N
FY2017,53,007,N
FY2017,53,009,N
FY2017,53,011,N
FY2017,53,013,N
FY2017,53,015,N
FY2017,53,017,N
FY2017,53,019,N
FY2017,53,021,N
FY2017,53,023,N
FY2017,53,025,N
FY2017,53,027,N
FY2017,53,029,N
FY2017,53,031,N
FY2017,53,033,N
FY2017,53,035,N
FY2017,53,037,N
FY2017,53,039,N
FY2017,53,041,N
FY2017,53,043,N
FY2017,53,045,N
FY2017,53,047,N
FY2017,53,049,N
FY2017,53,051,N
FY2017,53,053,N
FY2017,53,055,N
FY2017,53,057,N
FY2017,53,059,N
FY2017,53,061,N
FY2017,53,063,N
FY2017,53,065,N
FY2017,53,067,N
FY2017,53,069,N
FY2017,53,071,N
FY2017,53,073,N
FY2017,53,075,N
FY2017,53,077,N
FY2017,54,001,Y
FY2017,54,003,Y
FY2017,54,005,Y
FY2017,54,007,Y
FY2017,54,009,Y
FY2017,54,011,Y
FY2017,54,013,Y
FY2017,54,015,Y
FY2017,54,017,Y
FY2017,54,019,Y
FY2017,54,021,Y
FY2017,54,023,Y
FY2017,54,025,Y
FY2017,54,027,Y
FY2017,54,029,Y
FY2017,54,031,Y
FY2017,54,033,Y
FY2017,54,035,Y
FY2017,54,037,Y
FY2017,54,039,Y
FY2017,54,041,Y
FY2017,54,043,Y
FY2017,54,045,Y
FY2017,54,047,Y
FY2017,54,049,Y
FY2017,54,051,Y
FY2017,54,053,Y
FY2017,54,055,Y
FY2017,54,057,Y
FY2017,54,059,Y
FY2017,54,061,Y
FY2017,54,063,Y
FY2017,54,065,Y
FY2017,54,067,Y
FY2017,54,069,Y
FY2017,54,071,Y
FY2017,54,073,Y
FY2017,54,075,Y
FY2017,54,077,Y
FY2017,54,079,Y
FY2017,54,081,Y
FY2017,54,083,Y
FY2017,54,085,Y
FY2017,54,087,Y
FY2017,54,089,Y
FY2017,54,091,Y
FY2017,54,093,Y
FY2017,54,095,Y
FY2017,54,097,Y
FY2017,54,099,Y
FY2017,54,101,Y
FY2017,54,103,Y
FY2017,54,105,Y
FY2017,54,107,Y
FY2017,54,109,Y
FY2017,55,001,N
FY2017,55,003,N
FY2017,55,005,N
FY2017,55,007,N
FY2017,55,009,N
FY2017,55,011,N
FY2017,55,013,N
FY2017,55,015,N
FY2017,55,017,N
FY2017,55,019,N
FY2017,55,021,N
FY2017,55,023,N
FY2017,55,025,N
FY2017,55,027,N
FY2017,55,029,N
FY2017,55,031,N
FY2017,55,033,N
FY2017,55,035,N
FY2017,55,037,N
FY2017,55,039,N
FY2017,55,041,N
FY2017,55,043,N
FY2017,55,045,N
FY2017,55,047,N
FY2017,55,049,N
FY2017,55,051,N
FY2017,55,053,N
FY2017,55,055,N
FY2017,55,057,N
FY2017,55,059,N
FY2017,55,061,N
FY2017,55,063,N
FY2017,55,065,N
FY2017,55,067,N
FY2017,55,069,N
FY2017,55,071,N
FY2017,55,073,N
FY2017,55,075,N
FY2017,55,077,N
FY2017,55,078,N
FY2017,55,079,N
FY2017,55,081,N
FY2017,55,083,N
FY2017,55,085,N
FY2017,55,087,N
FY2017,55,089,N
FY2017,55,091,N
FY2017,55,093,N
FY2017,55,095,N
FY2017,55,097,N
FY2017,55,099,N
FY2017,55,101,N
FY2017,55,103,N
FY2017,55,105,N
FY2017,55,107,N
FY2017,55,109,N
FY2017,55,111,N
FY2017,55,113,N
FY2017,55,115,N
FY2017,55,117,N
FY2017,55,119,N
FY2017,55,121,N
FY2017,55,123,N
FY2017,55,125,N
FY2017,55,127,N
FY2017,55,129,N
FY2017,55,131,N
FY2017,55,133,N
FY2017,55,135,N
FY2017,55,137,N
FY2017,55,139,N
FY2017,55,141,N
FY2017,56,001,N
FY2017,56,003,N
FY2017,56,005,N
FY2017,56,007,N
FY2017,56,009,N
FY2017,56,011,N
FY2017,56,013,N
FY2017,56,015,N
FY2017,56,017,N
FY2017,56,019,N
FY2017,56,021,N
FY2017,56,023,N
FY2017,56,025,N
FY2017,56,027,N
FY2017,56,029,N
FY2017,56,031,N
FY2017,56,033,N
FY2017,56,035,N
FY2017,56,037,N
FY2017,56,039,N
FY2017,56,041,N
FY2017,56,043,N
FY2017,56,045,N
